Date,merchant,amount,payment,running_total,account
04/30/2026,EUREST-NUTRIEN-63015,48.17,,413.24,sanjay_td_visa
04/25/2026,PAYMENT - THANK YOU,,530.51,365.07,sanjay_td_visa
04/22/2026,APPLE.COM/BILL ICLOUD,3.99,,895.58,sanjay_td_visa
04/21/2026,COSTCO WHOLESALE W1283,73.92,,891.59,sanjay_td_visa
04/18/2026,AMZN PRIME CA*XD9,10.49,,817.67,sanjay_td_visa
04/17/2026,SHELL C04563,58.36,,807.18,sanjay_td_visa
04/14/2026,STARBUCKS #00879,54.19,,748.82,sanjay_td_visa
04/11/2026,STARBUCKS #00879,8.26,,694.63,sanjay_td_visa
04/09/2026,PARKING METER 7782,74.22,,686.37,sanjay_td_visa
04/06/2026,UBER CANADA,60.54,,612.15,sanjay_td_visa
04/01/2026,TIM HORTONS #4521,21.10,,551.61,sanjay_td_visa
03/25/2026,PAYMENT - THANK YOU,,528.89,530.51,sanjay_td_visa
03/24/2026,MCDONALD'S #11423,59.63,,1059.40,sanjay_td_visa
03/24/2026,T&T SUPERMARKET,77.96,,999.77,sanjay_td_visa
03/22/2026,APPLE.COM/BILL ICLOUD,3.99,,921.81,sanjay_td_visa
03/18/2026,AMZN PRIME CA*XD9,10.49,,917.82,sanjay_td_visa
03/17/2026,A&W #1144,33.24,,907.33,sanjay_td_visa
03/17/2026,NO FRILLS Bramalea,45.14,,874.09,sanjay_td_visa
03/15/2026,EUREST-NUTRIEN-63015,59.05,,828.95,sanjay_td_visa
03/15/2026,PRESTO FARES,72.69,,769.90,sanjay_td_visa
03/10/2026,WAL-MART SUPERCENTER#5726,65.50,,697.21,sanjay_td_visa
03/06/2026,STARBUCKS #00879,47.75,,631.71,sanjay_td_visa
03/02/2026,A&W #1144,55.07,,583.96,sanjay_td_visa
02/28/2026,BOSTON PIZZA,44.78,,528.89,sanjay_td_visa
02/25/2026,PAYMENT - THANK YOU,,252.63,484.11,sanjay_td_visa
02/24/2026,NO FRILLS Bramalea,72.84,,736.74,sanjay_td_visa
02/22/2026,A&W #1144,32.14,,663.90,sanjay_td_visa
02/22/2026,APPLE.COM/BILL ICLOUD,3.99,,631.76,sanjay_td_visa
02/18/2026,AMZN PRIME CA*XD9,10.49,,627.77,sanjay_td_visa
02/17/2026,COSTCO WHOLESALE W1283,70.02,,617.28,sanjay_td_visa
02/09/2026,EUREST-NUTRIEN-63015,36.23,,547.26,sanjay_td_visa
02/05/2026,EUREST-NUTRIEN-63015,42.45,,511.03,sanjay_td_visa
02/03/2026,PIZZA HUT,43.36,,468.58,sanjay_td_visa
02/03/2026,WAL-MART SUPERCENTER#5726,87.83,,425.22,sanjay_td_visa
02/01/2026,PIZZA HUT,37.30,,337.39,sanjay_td_visa
02/01/2026,A&W #1144,47.46,,300.09,sanjay_td_visa
01/27/2026,SHELL C04563,85.97,,252.63,sanjay_td_visa
01/25/2026,PAYMENT - THANK YOU,,240.65,166.66,sanjay_td_visa
01/22/2026,APPLE.COM/BILL ICLOUD,3.99,,407.31,sanjay_td_visa
01/18/2026,AMZN PRIME CA*XD9,10.49,,403.32,sanjay_td_visa
01/13/2026,T&T SUPERMARKET,58.13,,392.83,sanjay_td_visa
01/08/2026,UBER CANADA,63.21,,334.70,sanjay_td_visa
01/02/2026,PIZZA HUT,30.84,,271.49,sanjay_td_visa
12/25/2025,PAYMENT - THANK YOU,,289.70,240.65,sanjay_td_visa
12/23/2025,COSTCO WHOLESALE W1283,57.92,,530.35,sanjay_td_visa
12/22/2025,APPLE.COM/BILL ICLOUD,3.99,,472.43,sanjay_td_visa
12/18/2025,AMZN PRIME CA*XD9,10.49,,468.44,sanjay_td_visa
12/16/2025,REAL CDN SUPERSTORE,48.32,,457.95,sanjay_td_visa
12/06/2025,MCDONALD'S #11423,61.77,,409.63,sanjay_td_visa
12/06/2025,ESSO RM 5512,58.16,,347.86,sanjay_td_visa
11/28/2025,A&W #1144,51.59,,289.70,sanjay_td_visa
11/25/2025,PAYMENT - THANK YOU,,354.50,238.11,sanjay_td_visa
11/22/2025,APPLE.COM/BILL ICLOUD,3.99,,592.61,sanjay_td_visa
11/21/2025,MCDONALD'S #11423,61.03,,588.62,sanjay_td_visa
11/18/2025,MCDONALD'S #11423,17.25,,527.59,sanjay_td_visa
11/18/2025,FARM BOY #45,83.47,,510.34,sanjay_td_visa
11/18/2025,AMZN PRIME CA*XD9,10.49,,426.87,sanjay_td_visa
11/08/2025,MCDONALD'S #11423,61.88,,416.38,sanjay_td_visa
10/25/2025,PAYMENT - THANK YOU,,314.73,354.50,sanjay_td_visa
10/25/2025,PIZZA HUT,18.45,,669.23,sanjay_td_visa
10/22/2025,STARBUCKS #00879,20.15,,650.78,sanjay_td_visa
10/22/2025,APPLE.COM/BILL ICLOUD,3.99,,630.63,sanjay_td_visa
10/18/2025,STARBUCKS #00879,6.16,,626.64,sanjay_td_visa
10/18/2025,AMZN PRIME CA*XD9,10.49,,620.48,sanjay_td_visa
10/16/2025,BOSTON PIZZA,43.14,,609.99,sanjay_td_visa
10/16/2025,EUREST-NUTRIEN-63015,9.86,,566.85,sanjay_td_visa
10/14/2025,NO FRILLS Bramalea,50.82,,556.99,sanjay_td_visa
10/07/2025,LOBLAWS #1234,76.06,,506.17,sanjay_td_visa
10/06/2025,A&W #1144,61.52,,430.11,sanjay_td_visa
10/02/2025,STARBUCKS #00879,53.86,,368.59,sanjay_td_visa
09/25/2025,PAYMENT - THANK YOU,,295.68,314.73,sanjay_td_visa
09/23/2025,WAL-MART SUPERCENTER#5726,87.39,,610.41,sanjay_td_visa
09/22/2025,APPLE.COM/BILL ICLOUD,3.99,,523.02,sanjay_td_visa
09/19/2025,A&W #1144,37.43,,519.03,sanjay_td_visa
09/18/2025,AMZN PRIME CA*XD9,10.49,,481.60,sanjay_td_visa
09/16/2025,MCDONALD'S #11423,62.69,,471.11,sanjay_td_visa
09/16/2025,NO FRILLS Bramalea,81.96,,408.42,sanjay_td_visa
09/11/2025,EUREST-NUTRIEN-63015,30.78,,326.46,sanjay_td_visa
08/29/2025,EUREST-NUTRIEN-63015,31.08,,295.68,sanjay_td_visa
08/26/2025,FARM BOY #45,55.52,,264.60,sanjay_td_visa
08/25/2025,PAYMENT - THANK YOU,,330.92,209.08,sanjay_td_visa
08/22/2025,APPLE.COM/BILL ICLOUD,3.99,,540.00,sanjay_td_visa
08/19/2025,PARKING METER 7782,82.85,,536.01,sanjay_td_visa
08/19/2025,FARM BOY #45,44.24,,453.16,sanjay_td_visa
08/18/2025,EUREST-NUTRIEN-63015,13.16,,408.92,sanjay_td_visa
08/18/2025,AMZN PRIME CA*XD9,10.49,,395.76,sanjay_td_visa
08/05/2025,COSTCO WHOLESALE W1283,54.35,,385.27,sanjay_td_visa
07/30/2025,EUREST-NUTRIEN-63015,15.59,,330.92,sanjay_td_visa
07/26/2025,MCDONALD'S #11423,7.46,,315.33,sanjay_td_visa
07/26/2025,A&W #1144,18.39,,307.87,sanjay_td_visa
07/25/2025,PAYMENT - THANK YOU,,538.14,289.48,sanjay_td_visa
07/25/2025,PARKING METER 7782,94.19,,827.62,sanjay_td_visa
07/22/2025,APPLE.COM/BILL ICLOUD,3.99,,733.43,sanjay_td_visa
07/18/2025,AMZN PRIME CA*XD9,10.49,,729.44,sanjay_td_visa
07/16/2025,STARBUCKS #00879,54.18,,718.95,sanjay_td_visa
07/08/2025,COSTCO WHOLESALE W1283,45.77,,664.77,sanjay_td_visa
07/01/2025,FARM BOY #45,80.86,,619.00,sanjay_td_visa
06/28/2025,STARBUCKS #00879,29.98,,538.14,sanjay_td_visa
06/26/2025,STARBUCKS #00879,17.30,,508.16,sanjay_td_visa
06/25/2025,PAYMENT - THANK YOU,,280.31,490.86,sanjay_td_visa
06/24/2025,COSTCO WHOLESALE W1283,41.05,,771.17,sanjay_td_visa
06/22/2025,APPLE.COM/BILL ICLOUD,3.99,,730.12,sanjay_td_visa
06/18/2025,TIM HORTONS #4521,60.66,,726.13,sanjay_td_visa
06/18/2025,TIM HORTONS #4521,44.48,,665.47,sanjay_td_visa
06/18/2025,PARKING METER 7782,92.42,,620.99,sanjay_td_visa
06/18/2025,AMZN PRIME CA*XD9,10.49,,528.57,sanjay_td_visa
06/16/2025,EUREST-NUTRIEN-63015,29.66,,518.08,sanjay_td_visa
06/04/2025,MCDONALD'S #11423,48.96,,488.42,sanjay_td_visa
06/04/2025,PIZZA HUT,31.43,,439.46,sanjay_td_visa
06/03/2025,SHELL C04563,57.83,,408.03,sanjay_td_visa
06/03/2025,FARM BOY #45,63.76,,350.20,sanjay_td_visa
06/02/2025,MCDONALD'S #11423,6.13,,286.44,sanjay_td_visa
05/26/2025,PARKING METER 7782,73.38,,280.31,sanjay_td_visa
05/22/2025,EUREST-NUTRIEN-63015,23.07,,206.93,sanjay_td_visa
05/22/2025,APPLE.COM/BILL ICLOUD,3.99,,183.86,sanjay_td_visa
05/19/2025,PIZZA HUT,10.10,,179.87,sanjay_td_visa
05/18/2025,AMZN PRIME CA*XD9,10.49,,169.77,sanjay_td_visa
05/13/2025,WAL-MART SUPERCENTER#5726,49.94,,159.28,sanjay_td_visa
05/08/2025,MCDONALD'S #11423,28.39,,109.34,sanjay_td_visa
05/06/2025,WAL-MART SUPERCENTER#5726,61.10,,80.95,sanjay_td_visa
05/03/2025,EUREST-NUTRIEN-63015,11.96,,19.85,sanjay_td_visa
05/02/2025,EUREST-NUTRIEN-63015,7.89,,7.89,sanjay_td_visa
04/30/2026,PIZZA HUT,55.04,,788.77,sanjay_amex_cobalt
04/29/2026,TIM HORTONS #4521,30.48,,733.73,sanjay_amex_cobalt
04/25/2026,PAYMENT - THANK YOU,,1012.15,703.25,sanjay_amex_cobalt
04/17/2026,WALMART KIDS,38.64,,1715.40,sanjay_amex_cobalt
04/16/2026,SEPHORA #441,83.77,,1676.76,sanjay_amex_cobalt
04/14/2026,WALMART KIDS,58.52,,1592.99,sanjay_amex_cobalt
04/14/2026,SPOTIFY P0J0PXVN,12.99,,1534.47,sanjay_amex_cobalt
04/12/2026,GREAT CLIPS #023,45.38,,1521.48,sanjay_amex_cobalt
04/11/2026,REAL CDN SUPERSTORE,201.06,,1476.10,sanjay_amex_cobalt
04/11/2026,CRAVE,19.99,,1275.04,sanjay_amex_cobalt
04/09/2026,BOSTON PIZZA,14.69,,1255.05,sanjay_amex_cobalt
04/07/2026,DISNEY PLUS,16.79,,1240.36,sanjay_amex_cobalt
04/04/2026,FARM BOY #45,183.77,,1223.57,sanjay_amex_cobalt
04/04/2026,NETFLIX.COM,19.99,,1039.80,sanjay_amex_cobalt
04/03/2026,STARBUCKS #00879,7.66,,1019.81,sanjay_amex_cobalt
03/31/2026,MASTERMIND TOYS,78.10,,1012.15,sanjay_amex_cobalt
03/28/2026,CANADIAN TIRE #0034,36.60,,934.05,sanjay_amex_cobalt
03/28/2026,NO FRILLS Bramalea,235.13,,897.45,sanjay_amex_cobalt
03/27/2026,RECREATION CENTRE,55.59,,662.32,sanjay_amex_cobalt
03/26/2026,BOSTON PIZZA,9.31,,606.73,sanjay_amex_cobalt
03/25/2026,PAYMENT - THANK YOU,,1151.26,597.42,sanjay_amex_cobalt
03/22/2026,WAYFAIR.CA,182.18,,1748.68,sanjay_amex_cobalt
03/20/2026,PARKING METER 7782,67.65,,1566.50,sanjay_amex_cobalt
03/17/2026,CANADIAN TIRE #0034,113.81,,1498.85,sanjay_amex_cobalt
03/14/2026,SPOTIFY P0J0PXVN,12.99,,1385.04,sanjay_amex_cobalt
03/11/2026,CANADIAN TIRE #0034,40.04,,1372.05,sanjay_amex_cobalt
03/11/2026,CRAVE,19.99,,1332.01,sanjay_amex_cobalt
03/07/2026,DISNEY PLUS,16.79,,1312.02,sanjay_amex_cobalt
03/06/2026,REXALL #4501,123.98,,1295.23,sanjay_amex_cobalt
03/04/2026,NETFLIX.COM,19.99,,1171.25,sanjay_amex_cobalt
02/28/2026,T&T SUPERMARKET,150.82,,1151.26,sanjay_amex_cobalt
02/25/2026,PAYMENT - THANK YOU,,1254.05,1000.44,sanjay_amex_cobalt
02/24/2026,SEPHORA #441,21.22,,2254.49,sanjay_amex_cobalt
02/14/2026,CANADIAN TIRE #0034,194.73,,2233.27,sanjay_amex_cobalt
02/14/2026,BOSTON PIZZA,32.08,,2038.54,sanjay_amex_cobalt
02/14/2026,SPOTIFY P0J0PXVN,12.99,,2006.46,sanjay_amex_cobalt
02/13/2026,MCDONALD'S #11423,26.11,,1993.47,sanjay_amex_cobalt
02/12/2026,PIZZA HUT,25.14,,1967.36,sanjay_amex_cobalt
02/11/2026,CRAVE,19.99,,1942.22,sanjay_amex_cobalt
02/10/2026,A&W #1144,6.36,,1922.23,sanjay_amex_cobalt
02/07/2026,WAYFAIR.CA,82.71,,1915.87,sanjay_amex_cobalt
02/07/2026,DISNEY PLUS,16.79,,1833.16,sanjay_amex_cobalt
02/06/2026,MASTERMIND TOYS,75.60,,1816.37,sanjay_amex_cobalt
02/04/2026,MASTERMIND TOYS,95.97,,1740.77,sanjay_amex_cobalt
02/04/2026,NETFLIX.COM,19.99,,1644.80,sanjay_amex_cobalt
02/02/2026,AMAZON.CA*RT8KX,94.88,,1624.81,sanjay_amex_cobalt
02/02/2026,HOME DEPOT #7012,275.88,,1529.93,sanjay_amex_cobalt
01/31/2026,LOBLAWS #1234,218.68,,1254.05,sanjay_amex_cobalt
01/25/2026,PAYMENT - THANK YOU,,1460.83,1035.37,sanjay_amex_cobalt
01/25/2026,BOSTON PIZZA,41.03,,2496.20,sanjay_amex_cobalt
01/24/2026,LOBLAWS #1234,234.90,,2455.17,sanjay_amex_cobalt
01/22/2026,HOME DEPOT #7012,203.79,,2220.27,sanjay_amex_cobalt
01/19/2026,TIM HORTONS #4521,16.28,,2016.48,sanjay_amex_cobalt
01/15/2026,AMZN Mktp CA*XD4BI0T33,100.36,,2000.20,sanjay_amex_cobalt
01/14/2026,SPOTIFY P0J0PXVN,12.99,,1899.84,sanjay_amex_cobalt
01/11/2026,CRAVE,19.99,,1886.85,sanjay_amex_cobalt
01/10/2026,REAL CDN SUPERSTORE,184.47,,1866.86,sanjay_amex_cobalt
01/07/2026,DISNEY PLUS,16.79,,1682.39,sanjay_amex_cobalt
01/04/2026,GREAT CLIPS #023,47.95,,1665.60,sanjay_amex_cobalt
01/04/2026,NETFLIX.COM,19.99,,1617.65,sanjay_amex_cobalt
01/03/2026,MASTERMIND TOYS,84.31,,1597.66,sanjay_amex_cobalt
01/01/2026,EUREST-NUTRIEN-63015,52.52,,1513.35,sanjay_amex_cobalt
12/29/2025,A&W #1144,45.98,,1460.83,sanjay_amex_cobalt
12/28/2025,HUDSON'S BAY,212.47,,1414.85,sanjay_amex_cobalt
12/28/2025,UBER CANADA,82.33,,1202.38,sanjay_amex_cobalt
12/27/2025,RECREATION CENTRE,83.98,,1120.05,sanjay_amex_cobalt
12/25/2025,PAYMENT - THANK YOU,,692.56,1036.07,sanjay_amex_cobalt
12/25/2025,INDIGO BOOKS #221,40.75,,1728.63,sanjay_amex_cobalt
12/23/2025,MCDONALD'S #11423,55.87,,1687.88,sanjay_amex_cobalt
12/21/2025,CANADIAN TIRE #0034,223.98,,1632.01,sanjay_amex_cobalt
12/21/2025,PRESTO FARES,65.21,,1408.03,sanjay_amex_cobalt
12/19/2025,PIZZA HUT,62.76,,1342.82,sanjay_amex_cobalt
12/14/2025,SPOTIFY P0J0PXVN,12.99,,1280.06,sanjay_amex_cobalt
12/12/2025,AMAZON.CA GIFTS,139.01,,1267.07,sanjay_amex_cobalt
12/11/2025,CRAVE,19.99,,1128.06,sanjay_amex_cobalt
12/08/2025,BOSTON PIZZA,27.18,,1108.07,sanjay_amex_cobalt
12/07/2025,EUREST-NUTRIEN-63015,34.51,,1080.89,sanjay_amex_cobalt
12/07/2025,DISNEY PLUS,16.79,,1046.38,sanjay_amex_cobalt
12/06/2025,NO FRILLS Bramalea,203.12,,1029.59,sanjay_amex_cobalt
12/04/2025,NETFLIX.COM,19.99,,826.47,sanjay_amex_cobalt
12/03/2025,SHOPPERS DRUG MART #1124,113.92,,806.48,sanjay_amex_cobalt
11/28/2025,INDIGO BOOKS #221,78.28,,692.56,sanjay_amex_cobalt
11/28/2025,A&W #1144,61.12,,614.28,sanjay_amex_cobalt
11/27/2025,MCDONALD'S #11423,20.38,,553.16,sanjay_amex_cobalt
11/25/2025,PAYMENT - THANK YOU,,1386.04,532.78,sanjay_amex_cobalt
11/17/2025,EUREST-NUTRIEN-63015,6.15,,1918.82,sanjay_amex_cobalt
11/14/2025,SPOTIFY P0J0PXVN,12.99,,1912.67,sanjay_amex_cobalt
11/13/2025,RECREATION CENTRE,87.54,,1899.68,sanjay_amex_cobalt
11/13/2025,WAYFAIR.CA,220.52,,1812.14,sanjay_amex_cobalt
11/11/2025,CRAVE,19.99,,1591.62,sanjay_amex_cobalt
11/08/2025,REAL CDN SUPERSTORE,148.81,,1571.63,sanjay_amex_cobalt
11/07/2025,DISNEY PLUS,16.79,,1422.82,sanjay_amex_cobalt
11/04/2025,NETFLIX.COM,19.99,,1406.03,sanjay_amex_cobalt
10/31/2025,TIM HORTONS #4521,64.64,,1386.04,sanjay_amex_cobalt
10/25/2025,PAYMENT - THANK YOU,,1300.08,1321.40,sanjay_amex_cobalt
10/22/2025,DR PATEL DENTISTRY,109.46,,2621.48,sanjay_amex_cobalt
10/21/2025,HOME DEPOT #7012,45.42,,2512.02,sanjay_amex_cobalt
10/21/2025,PETRO-CANADA #00231,89.91,,2466.60,sanjay_amex_cobalt
10/19/2025,A&W #1144,39.55,,2376.69,sanjay_amex_cobalt
10/19/2025,PRESTO FARES,74.15,,2337.14,sanjay_amex_cobalt
10/18/2025,PARKING METER 7782,92.76,,2262.99,sanjay_amex_cobalt
10/14/2025,SPOTIFY P0J0PXVN,12.99,,2170.23,sanjay_amex_cobalt
10/13/2025,MCDONALD'S #11423,23.54,,2157.24,sanjay_amex_cobalt
10/11/2025,CRAVE,19.99,,2133.70,sanjay_amex_cobalt
10/08/2025,CANADIAN TIRE #0034,234.06,,2113.71,sanjay_amex_cobalt
10/07/2025,DISNEY PLUS,16.79,,1879.65,sanjay_amex_cobalt
10/05/2025,PETRO-CANADA #00231,93.97,,1862.86,sanjay_amex_cobalt
10/04/2025,NETFLIX.COM,19.99,,1768.89,sanjay_amex_cobalt
10/03/2025,AMAZON.CA*RT8KX,225.05,,1748.90,sanjay_amex_cobalt
10/03/2025,CANADIAN TIRE #0034,223.77,,1523.85,sanjay_amex_cobalt
09/30/2025,UBER CANADA,82.09,,1300.08,sanjay_amex_cobalt
09/27/2025,CANADIAN TIRE #0034,248.63,,1217.99,sanjay_amex_cobalt
09/25/2025,PAYMENT - THANK YOU,,2220.12,969.36,sanjay_amex_cobalt
09/25/2025,MCDONALD'S #11423,31.70,,3189.48,sanjay_amex_cobalt
09/22/2025,TIM HORTONS #4521,35.85,,3157.78,sanjay_amex_cobalt
09/21/2025,PIZZA HUT,15.03,,3121.93,sanjay_amex_cobalt
09/20/2025,NO FRILLS Bramalea,152.62,,3106.90,sanjay_amex_cobalt
09/14/2025,SPOTIFY P0J0PXVN,12.99,,2954.28,sanjay_amex_cobalt
09/13/2025,PARKING METER 7782,62.93,,2941.29,sanjay_amex_cobalt
09/13/2025,T&T SUPERMARKET,143.10,,2878.36,sanjay_amex_cobalt
09/11/2025,HOME DEPOT #7012,71.21,,2735.26,sanjay_amex_cobalt
09/11/2025,CRAVE,19.99,,2664.05,sanjay_amex_cobalt
09/09/2025,WALMART KIDS,115.07,,2644.06,sanjay_amex_cobalt
09/07/2025,DISNEY PLUS,16.79,,2528.99,sanjay_amex_cobalt
09/06/2025,PETRO-CANADA #00231,78.15,,2512.20,sanjay_amex_cobalt
09/06/2025,FARM BOY #45,193.94,,2434.05,sanjay_amex_cobalt
09/04/2025,NETFLIX.COM,19.99,,2240.11,sanjay_amex_cobalt
08/31/2025,RECREATION CENTRE,53.39,,2220.12,sanjay_amex_cobalt
08/30/2025,NO FRILLS Bramalea,142.44,,2166.73,sanjay_amex_cobalt
08/29/2025,BOSTON PIZZA,54.09,,2024.29,sanjay_amex_cobalt
08/25/2025,PAYMENT - THANK YOU,,2306.81,1970.20,sanjay_amex_cobalt
08/18/2025,SEPHORA #441,34.26,,4277.01,sanjay_amex_cobalt
08/18/2025,STARBUCKS #00879,49.88,,4242.75,sanjay_amex_cobalt
08/17/2025,AIRBNB CA*HX9,1031.06,,4192.87,sanjay_amex_cobalt
08/16/2025,CANADIAN TIRE #0034,131.57,,3161.81,sanjay_amex_cobalt
08/16/2025,ESSO RM 5512,60.90,,3030.24,sanjay_amex_cobalt
08/16/2025,WAL-MART SUPERCENTER#5726,187.32,,2969.34,sanjay_amex_cobalt
08/14/2025,SPOTIFY P0J0PXVN,12.99,,2782.02,sanjay_amex_cobalt
08/13/2025,INDIGO BOOKS #221,71.70,,2769.03,sanjay_amex_cobalt
08/11/2025,AMAZON.CA*RT8KX,54.97,,2697.33,sanjay_amex_cobalt
08/11/2025,CRAVE,19.99,,2642.36,sanjay_amex_cobalt
08/08/2025,UBER CANADA,88.99,,2622.37,sanjay_amex_cobalt
08/07/2025,DISNEY PLUS,16.79,,2533.38,sanjay_amex_cobalt
08/05/2025,PIZZA HUT,37.34,,2516.59,sanjay_amex_cobalt
08/04/2025,NETFLIX.COM,19.99,,2479.25,sanjay_amex_cobalt
08/03/2025,PRESTO FARES,90.45,,2459.26,sanjay_amex_cobalt
08/02/2025,MASTERMIND TOYS,62.00,,2368.81,sanjay_amex_cobalt
07/26/2025,LOBLAWS #1234,203.43,,2306.81,sanjay_amex_cobalt
07/25/2025,PAYMENT - THANK YOU,,1812.33,2103.38,sanjay_amex_cobalt
07/24/2025,EUREST-NUTRIEN-63015,60.92,,3915.71,sanjay_amex_cobalt
07/20/2025,RECREATION CENTRE,82.97,,3854.79,sanjay_amex_cobalt
07/18/2025,BOSTON PIZZA,50.22,,3771.82,sanjay_amex_cobalt
07/15/2025,A&W #1144,54.41,,3721.60,sanjay_amex_cobalt
07/14/2025,SPOTIFY P0J0PXVN,12.99,,3667.19,sanjay_amex_cobalt
07/12/2025,FARM BOY #45,195.32,,3654.20,sanjay_amex_cobalt
07/11/2025,WESTJET,1403.82,,3458.88,sanjay_amex_cobalt
07/11/2025,CRAVE,19.99,,2055.06,sanjay_amex_cobalt
07/08/2025,INDIGO BOOKS #221,66.18,,2035.07,sanjay_amex_cobalt
07/08/2025,STARBUCKS #00879,52.46,,1968.89,sanjay_amex_cobalt
07/07/2025,DISNEY PLUS,16.79,,1916.43,sanjay_amex_cobalt
07/04/2025,EUREST-NUTRIEN-63015,8.28,,1899.64,sanjay_amex_cobalt
07/04/2025,NETFLIX.COM,19.99,,1891.36,sanjay_amex_cobalt
07/02/2025,A&W #1144,59.04,,1871.37,sanjay_amex_cobalt
06/29/2025,WALMART KIDS,81.48,,1812.33,sanjay_amex_cobalt
06/28/2025,MASTERMIND TOYS,36.39,,1730.85,sanjay_amex_cobalt
06/28/2025,WAL-MART SUPERCENTER#5726,162.02,,1694.46,sanjay_amex_cobalt
06/25/2025,PAYMENT - THANK YOU,,1213.96,1532.44,sanjay_amex_cobalt
06/20/2025,MASTERMIND TOYS,87.45,,2746.40,sanjay_amex_cobalt
06/18/2025,STARBUCKS #00879,30.89,,2658.95,sanjay_amex_cobalt
06/16/2025,AMZN Mktp CA*XD4BI0T33,269.61,,2628.06,sanjay_amex_cobalt
06/14/2025,MCDONALD'S #11423,56.97,,2358.45,sanjay_amex_cobalt
06/14/2025,FARM BOY #45,171.17,,2301.48,sanjay_amex_cobalt
06/14/2025,SPOTIFY P0J0PXVN,12.99,,2130.31,sanjay_amex_cobalt
06/13/2025,EUREST-NUTRIEN-63015,52.32,,2117.32,sanjay_amex_cobalt
06/11/2025,CRAVE,19.99,,2065.00,sanjay_amex_cobalt
06/09/2025,STARBUCKS #00879,57.59,,2045.01,sanjay_amex_cobalt
06/08/2025,EUREST-NUTRIEN-63015,30.02,,1987.42,sanjay_amex_cobalt
06/08/2025,PARKING METER 7782,74.42,,1957.40,sanjay_amex_cobalt
06/07/2025,HUDSON'S BAY,209.97,,1882.98,sanjay_amex_cobalt
06/07/2025,COSTCO WHOLESALE W1283,192.77,,1673.01,sanjay_amex_cobalt
06/07/2025,DISNEY PLUS,16.79,,1480.24,sanjay_amex_cobalt
06/04/2025,NETFLIX.COM,19.99,,1463.45,sanjay_amex_cobalt
06/03/2025,AMZN Mktp CA*XD4BI0T33,172.68,,1443.46,sanjay_amex_cobalt
06/03/2025,EUREST-NUTRIEN-63015,56.82,,1270.78,sanjay_amex_cobalt
05/28/2025,AMAZON.CA*RT8KX,181.27,,1213.96,sanjay_amex_cobalt
05/24/2025,FARM BOY #45,182.26,,1032.69,sanjay_amex_cobalt
05/22/2025,EUREST-NUTRIEN-63015,51.33,,850.43,sanjay_amex_cobalt
05/18/2025,WALMART KIDS,93.47,,799.10,sanjay_amex_cobalt
05/14/2025,RECREATION CENTRE,20.23,,705.63,sanjay_amex_cobalt
05/14/2025,SPOTIFY P0J0PXVN,12.99,,685.40,sanjay_amex_cobalt
05/11/2025,A&W #1144,9.91,,672.41,sanjay_amex_cobalt
05/11/2025,CRAVE,19.99,,662.50,sanjay_amex_cobalt
05/10/2025,LOBLAWS #1234,161.86,,642.51,sanjay_amex_cobalt
05/09/2025,PIZZA HUT,55.21,,480.65,sanjay_amex_cobalt
05/07/2025,DISNEY PLUS,16.79,,425.44,sanjay_amex_cobalt
05/06/2025,A&W #1144,18.36,,408.65,sanjay_amex_cobalt
05/04/2025,PETRO-CANADA #00231,77.08,,390.29,sanjay_amex_cobalt
05/04/2025,SHELL C04563,79.15,,313.21,sanjay_amex_cobalt
05/04/2025,NETFLIX.COM,19.99,,234.06,sanjay_amex_cobalt
05/03/2025,FARM BOY #45,214.07,,214.07,sanjay_amex_cobalt
04/29/2026,HUDSON'S BAY,157.05,,1370.65,anumol_rbc_avion
04/28/2026,WAL-MART SUPERCENTER#5726,66.37,,1213.60,anumol_rbc_avion
04/25/2026,MCDONALD'S #11423,32.47,,1147.23,anumol_rbc_avion
04/25/2026,REAL CDN SUPERSTORE,216.94,,1114.76,anumol_rbc_avion
04/25/2026,PAYMENT - THANK YOU,,1676.77,897.82,anumol_rbc_avion
04/19/2026,INDIGO KIDS,88.12,,2574.59,anumol_rbc_avion
04/18/2026,AMZN Mktp CA*XD4BI0T33,220.69,,2486.47,anumol_rbc_avion
04/18/2026,T&T SUPERMARKET,218.44,,2265.78,anumol_rbc_avion
04/14/2026,AMZN Mktp CA*XD4BI0T33,44.38,,2047.34,anumol_rbc_avion
04/14/2026,NO FRILLS Bramalea,66.70,,2002.96,anumol_rbc_avion
04/13/2026,A&W #1144,19.91,,1936.26,anumol_rbc_avion
04/12/2026,PETRO-CANADA #00231,83.46,,1916.35,anumol_rbc_avion
04/08/2026,AMZN Mktp CA*XD4BI0T33,27.65,,1832.89,anumol_rbc_avion
04/07/2026,COSTCO WHOLESALE W1283,73.82,,1805.24,anumol_rbc_avion
04/01/2026,SHOPPERS DRUG MART #1124,54.65,,1731.42,anumol_rbc_avion
03/31/2026,REAL CDN SUPERSTORE,77.72,,1676.77,anumol_rbc_avion
03/29/2026,PARKING METER 7782,80.41,,1599.05,anumol_rbc_avion
03/26/2026,CINEPLEX ODEON,66.91,,1518.64,anumol_rbc_avion
03/25/2026,PAYMENT - THANK YOU,,1256.37,1451.73,anumol_rbc_avion
03/25/2026,PRESTO FARES,82.25,,2708.10,anumol_rbc_avion
03/23/2026,INDIGO KIDS,81.53,,2625.85,anumol_rbc_avion
03/22/2026,CANADIAN TIRE #0034,81.78,,2544.32,anumol_rbc_avion
03/21/2026,NO FRILLS Bramalea,157.35,,2462.54,anumol_rbc_avion
03/19/2026,STARBUCKS #00879,24.97,,2305.19,anumol_rbc_avion
03/16/2026,STARBUCKS #00879,62.51,,2280.22,anumol_rbc_avion
03/15/2026,BOSTON PIZZA,62.30,,2217.71,anumol_rbc_avion
03/14/2026,COSTCO WHOLESALE W1283,212.74,,2155.41,anumol_rbc_avion
03/11/2026,TIM HORTONS #4521,35.77,,1942.67,anumol_rbc_avion
03/10/2026,HOME DEPOT #7012,220.23,,1906.90,anumol_rbc_avion
03/07/2026,T&T SUPERMARKET,156.81,,1686.67,anumol_rbc_avion
03/05/2026,MASTERMIND TOYS,116.93,,1529.86,anumol_rbc_avion
03/03/2026,BOSTON PIZZA,35.92,,1412.93,anumol_rbc_avion
03/03/2026,EUREST-NUTRIEN-63015,63.66,,1377.01,anumol_rbc_avion
03/03/2026,FARM BOY #45,56.98,,1313.35,anumol_rbc_avion
02/28/2026,UBER CANADA,79.54,,1256.37,anumol_rbc_avion
02/28/2026,SHELL C04563,59.60,,1176.83,anumol_rbc_avion
02/25/2026,PAYMENT - THANK YOU,,1278.68,1117.23,anumol_rbc_avion
02/21/2026,PETRO-CANADA #00231,79.36,,2395.91,anumol_rbc_avion
02/21/2026,LOBLAWS #1234,197.79,,2316.55,anumol_rbc_avion
02/19/2026,HUDSON'S BAY,191.79,,2118.76,anumol_rbc_avion
02/19/2026,TIM HORTONS #4521,58.12,,1926.97,anumol_rbc_avion
02/18/2026,GREAT CLIPS #023,45.81,,1868.85,anumol_rbc_avion
02/14/2026,T&T SUPERMARKET,231.58,,1823.04,anumol_rbc_avion
02/10/2026,T&T SUPERMARKET,73.27,,1591.46,anumol_rbc_avion
02/09/2026,ESSO RM 5512,87.29,,1518.19,anumol_rbc_avion
02/07/2026,FARM BOY #45,152.22,,1430.90,anumol_rbc_avion
01/27/2026,ESSO RM 5512,78.46,,1278.68,anumol_rbc_avion
01/27/2026,LOBLAWS #1234,73.14,,1200.22,anumol_rbc_avion
01/26/2026,PETRO-CANADA #00231,66.09,,1127.08,anumol_rbc_avion
01/25/2026,PAYMENT - THANK YOU,,2608.40,1060.99,anumol_rbc_avion
01/22/2026,A&W #1144,33.02,,3669.39,anumol_rbc_avion
01/20/2026,LOBLAWS #1234,59.91,,3636.37,anumol_rbc_avion
01/18/2026,RECREATION CENTRE,89.62,,3576.46,anumol_rbc_avion
01/17/2026,RECREATION CENTRE,55.39,,3486.84,anumol_rbc_avion
01/17/2026,WAL-MART SUPERCENTER#5726,230.17,,3431.45,anumol_rbc_avion
01/15/2026,STARBUCKS #00879,61.78,,3201.28,anumol_rbc_avion
01/06/2026,LOBLAWS #1234,74.51,,3139.50,anumol_rbc_avion
01/05/2026,A&W #1144,53.11,,3064.99,anumol_rbc_avion
01/04/2026,TIM HORTONS #4521,34.10,,3011.88,anumol_rbc_avion
01/04/2026,EUREST-NUTRIEN-63015,7.52,,2977.78,anumol_rbc_avion
01/03/2026,WAL-MART SUPERCENTER#5726,180.81,,2970.26,anumol_rbc_avion
01/02/2026,WAYFAIR.CA,121.43,,2789.45,anumol_rbc_avion
01/02/2026,EUREST-NUTRIEN-63015,59.62,,2668.02,anumol_rbc_avion
12/31/2025,SEPHORA #441,72.28,,2608.40,anumol_rbc_avion
12/30/2025,WAL-MART SUPERCENTER#5726,74.09,,2536.12,anumol_rbc_avion
12/27/2025,WAYFAIR.CA,226.70,,2462.03,anumol_rbc_avion
12/27/2025,MCDONALD'S #11423,22.19,,2235.33,anumol_rbc_avion
12/27/2025,NO FRILLS Bramalea,164.42,,2213.14,anumol_rbc_avion
12/26/2025,WALMART KIDS,72.67,,2048.72,anumol_rbc_avion
12/25/2025,PAYMENT - THANK YOU,,1929.40,1976.05,anumol_rbc_avion
12/22/2025,INDIGO GIFTS,212.71,,3905.45,anumol_rbc_avion
12/21/2025,INDIGO GIFTS,176.34,,3692.74,anumol_rbc_avion
12/20/2025,AMAZON.CA GIFTS,176.01,,3516.40,anumol_rbc_avion
12/20/2025,INDIGO BOOKS #221,215.23,,3340.39,anumol_rbc_avion
12/20/2025,AMAZON.CA*RT8KX,183.70,,3125.16,anumol_rbc_avion
12/20/2025,LOBLAWS #1234,144.60,,2941.46,anumol_rbc_avion
12/18/2025,AMAZON.CA GIFTS,206.04,,2796.86,anumol_rbc_avion
12/16/2025,ESSO RM 5512,64.29,,2590.82,anumol_rbc_avion
12/13/2025,LOBLAWS #1234,216.04,,2526.53,anumol_rbc_avion
12/11/2025,INDIGO KIDS,44.08,,2310.49,anumol_rbc_avion
12/10/2025,A&W #1144,7.29,,2266.41,anumol_rbc_avion
12/09/2025,NO FRILLS Bramalea,77.34,,2259.12,anumol_rbc_avion
12/02/2025,INDIGO BOOKS #221,49.82,,2181.78,anumol_rbc_avion
12/02/2025,T&T SUPERMARKET,67.05,,2131.96,anumol_rbc_avion
12/01/2025,AMAZON.CA GIFTS,135.51,,2064.91,anumol_rbc_avion
11/29/2025,T&T SUPERMARKET,145.16,,1929.40,anumol_rbc_avion
11/27/2025,WAYFAIR.CA,54.38,,1784.24,anumol_rbc_avion
11/25/2025,PAYMENT - THANK YOU,,1445.52,1729.86,anumol_rbc_avion
11/25/2025,HOME DEPOT #7012,262.21,,3175.38,anumol_rbc_avion
11/25/2025,WAL-MART SUPERCENTER#5726,77.82,,2913.17,anumol_rbc_avion
11/22/2025,REAL CDN SUPERSTORE,145.42,,2835.35,anumol_rbc_avion
11/21/2025,ESSO RM 5512,83.39,,2689.93,anumol_rbc_avion
11/20/2025,PIZZA HUT,57.88,,2606.54,anumol_rbc_avion
11/19/2025,SHOPPERS DRUG MART #1124,115.53,,2548.66,anumol_rbc_avion
11/18/2025,CANADIAN TIRE #0034,103.10,,2433.13,anumol_rbc_avion
11/15/2025,PRESTO FARES,59.86,,2330.03,anumol_rbc_avion
11/15/2025,T&T SUPERMARKET,191.46,,2270.17,anumol_rbc_avion
11/11/2025,WALMART KIDS,111.78,,2078.71,anumol_rbc_avion
11/11/2025,COSTCO WHOLESALE W1283,45.80,,1966.93,anumol_rbc_avion
11/10/2025,PIZZA HUT,22.13,,1921.13,anumol_rbc_avion
11/10/2025,PETRO-CANADA #00231,77.09,,1899.00,anumol_rbc_avion
11/09/2025,ESSO RM 5512,92.11,,1821.91,anumol_rbc_avion
11/04/2025,T&T SUPERMARKET,78.02,,1729.80,anumol_rbc_avion
11/01/2025,COSTCO WHOLESALE W1283,206.26,,1651.78,anumol_rbc_avion
10/28/2025,LOBLAWS #1234,75.40,,1445.52,anumol_rbc_avion
10/25/2025,PAYMENT - THANK YOU,,1038.14,1370.12,anumol_rbc_avion
10/25/2025,NO FRILLS Bramalea,176.09,,2408.26,anumol_rbc_avion
10/24/2025,SEPHORA #441,21.68,,2232.17,anumol_rbc_avion
10/24/2025,MASTERMIND TOYS,36.81,,2210.49,anumol_rbc_avion
10/23/2025,WALMART KIDS,63.24,,2173.68,anumol_rbc_avion
10/23/2025,CANADIAN TIRE #0034,23.65,,2110.44,anumol_rbc_avion
10/21/2025,LOBLAWS #1234,81.63,,2086.79,anumol_rbc_avion
10/20/2025,STARBUCKS #00879,51.77,,2005.16,anumol_rbc_avion
10/18/2025,COSTCO WHOLESALE W1283,212.46,,1953.39,anumol_rbc_avion
10/11/2025,LOBLAWS #1234,214.29,,1740.93,anumol_rbc_avion
10/10/2025,INDIGO BOOKS #221,242.80,,1526.64,anumol_rbc_avion
10/09/2025,MASTERMIND TOYS,32.64,,1283.84,anumol_rbc_avion
10/04/2025,EUREST-NUTRIEN-63015,30.55,,1251.20,anumol_rbc_avion
10/04/2025,COSTCO WHOLESALE W1283,170.66,,1220.65,anumol_rbc_avion
10/02/2025,PIZZA HUT,11.85,,1049.99,anumol_rbc_avion
09/30/2025,NO FRILLS Bramalea,70.29,,1038.14,anumol_rbc_avion
09/27/2025,FARM BOY #45,165.62,,967.85,anumol_rbc_avion
09/25/2025,PAYMENT - THANK YOU,,1449.70,802.23,anumol_rbc_avion
09/24/2025,A&W #1144,25.02,,2251.93,anumol_rbc_avion
09/24/2025,PETRO-CANADA #00231,86.11,,2226.91,anumol_rbc_avion
09/22/2025,EUREST-NUTRIEN-63015,13.14,,2140.80,anumol_rbc_avion
09/13/2025,AMZN Mktp CA*XD4BI0T33,145.99,,2127.66,anumol_rbc_avion
09/11/2025,WALMART KIDS,91.61,,1981.67,anumol_rbc_avion
09/09/2025,EUREST-NUTRIEN-63015,60.26,,1890.06,anumol_rbc_avion
09/09/2025,NO FRILLS Bramalea,72.51,,1829.80,anumol_rbc_avion
09/08/2025,HUDSON'S BAY,176.74,,1757.29,anumol_rbc_avion
09/06/2025,BOSTON PIZZA,62.96,,1580.55,anumol_rbc_avion
09/04/2025,EUREST-NUTRIEN-63015,23.79,,1517.59,anumol_rbc_avion
09/02/2025,T&T SUPERMARKET,44.10,,1493.80,anumol_rbc_avion
08/31/2025,RECREATION CENTRE,72.74,,1449.70,anumol_rbc_avion
08/29/2025,MCDONALD'S #11423,55.00,,1376.96,anumol_rbc_avion
08/25/2025,PAYMENT - THANK YOU,,1328.68,1321.96,anumol_rbc_avion
08/23/2025,AMAZON.CA*RT8KX,87.00,,2650.64,anumol_rbc_avion
08/23/2025,LOBLAWS #1234,221.84,,2563.64,anumol_rbc_avion
08/21/2025,WAYFAIR.CA,221.08,,2341.80,anumol_rbc_avion
08/18/2025,A&W #1144,62.05,,2120.72,anumol_rbc_avion
08/15/2025,WAYFAIR.CA,80.52,,2058.67,anumol_rbc_avion
08/14/2025,WALMART KIDS,69.26,,1978.15,anumol_rbc_avion
08/12/2025,REAL CDN SUPERSTORE,62.09,,1908.89,anumol_rbc_avion
08/09/2025,T&T SUPERMARKET,198.00,,1846.80,anumol_rbc_avion
08/06/2025,BOSTON PIZZA,33.41,,1648.80,anumol_rbc_avion
08/02/2025,REAL CDN SUPERSTORE,194.79,,1615.39,anumol_rbc_avion
08/01/2025,REXALL #4501,91.92,,1420.60,anumol_rbc_avion
07/31/2025,ESSO RM 5512,76.82,,1328.68,anumol_rbc_avion
07/29/2025,LOBLAWS #1234,40.18,,1251.86,anumol_rbc_avion
07/26/2025,EUREST-NUTRIEN-63015,49.37,,1211.68,anumol_rbc_avion
07/25/2025,PAYMENT - THANK YOU,,745.98,1162.31,anumol_rbc_avion
07/25/2025,CANADIAN TIRE #0034,184.99,,1908.29,anumol_rbc_avion
07/23/2025,SHOPPERS DRUG MART #1124,74.79,,1723.30,anumol_rbc_avion
07/22/2025,WAL-MART SUPERCENTER#5726,64.43,,1648.51,anumol_rbc_avion
07/19/2025,STARBUCKS #00879,31.36,,1584.08,anumol_rbc_avion
07/19/2025,NO FRILLS Bramalea,208.75,,1552.72,anumol_rbc_avion
07/15/2025,COSTCO WHOLESALE W1283,70.24,,1343.97,anumol_rbc_avion
07/14/2025,WALMART KIDS,99.71,,1273.73,anumol_rbc_avion
07/14/2025,PETRO-CANADA #00231,59.47,,1174.02,anumol_rbc_avion
07/13/2025,AMZN Mktp CA*XD4BI0T33,45.57,,1114.55,anumol_rbc_avion
07/11/2025,WAYFAIR.CA,33.40,,1068.98,anumol_rbc_avion
07/08/2025,TIM HORTONS #4521,26.87,,1035.58,anumol_rbc_avion
07/06/2025,INDIGO KIDS,35.30,,1008.71,anumol_rbc_avion
07/06/2025,PRESTO FARES,77.07,,973.41,anumol_rbc_avion
07/05/2025,FARM BOY #45,150.36,,896.34,anumol_rbc_avion
06/25/2025,PAYMENT - THANK YOU,,1438.98,745.98,anumol_rbc_avion
06/23/2025,CINEPLEX ODEON,38.59,,2184.96,anumol_rbc_avion
06/21/2025,LOBLAWS #1234,164.79,,2146.37,anumol_rbc_avion
06/17/2025,RECREATION CENTRE,34.30,,1981.58,anumol_rbc_avion
06/17/2025,REAL CDN SUPERSTORE,84.98,,1947.28,anumol_rbc_avion
06/14/2025,AMAZON.CA*RT8KX,65.32,,1862.30,anumol_rbc_avion
06/10/2025,REXALL #4501,121.84,,1796.98,anumol_rbc_avion
06/10/2025,NO FRILLS Bramalea,86.45,,1675.14,anumol_rbc_avion
06/03/2025,PARKING METER 7782,57.35,,1588.69,anumol_rbc_avion
06/02/2025,AMZN Mktp CA*XD4BI0T33,28.29,,1531.34,anumol_rbc_avion
06/02/2025,PIZZA HUT,64.07,,1503.05,anumol_rbc_avion
05/31/2025,LOBLAWS #1234,149.27,,1438.98,anumol_rbc_avion
05/30/2025,PIZZA HUT,24.57,,1289.71,anumol_rbc_avion
05/30/2025,PIZZA HUT,38.86,,1265.14,anumol_rbc_avion
05/29/2025,GREAT CLIPS #023,53.00,,1226.28,anumol_rbc_avion
05/29/2025,RECREATION CENTRE,27.81,,1173.28,anumol_rbc_avion
05/29/2025,CANADIAN TIRE #0034,73.12,,1145.47,anumol_rbc_avion
05/27/2025,UBER CANADA,90.42,,1072.35,anumol_rbc_avion
05/27/2025,NO FRILLS Bramalea,50.77,,981.93,anumol_rbc_avion
05/26/2025,HUDSON'S BAY,31.83,,931.16,anumol_rbc_avion
05/20/2025,WALMART KIDS,48.88,,899.33,anumol_rbc_avion
05/20/2025,STARBUCKS #00879,37.51,,850.45,anumol_rbc_avion
05/20/2025,T&T SUPERMARKET,83.47,,812.94,anumol_rbc_avion
05/17/2025,NO FRILLS Bramalea,184.92,,729.47,anumol_rbc_avion
05/13/2025,AMAZON.CA*RT8KX,85.19,,544.55,anumol_rbc_avion
05/09/2025,PIZZA HUT,44.23,,459.36,anumol_rbc_avion
05/08/2025,INDIGO BOOKS #221,169.92,,415.13,anumol_rbc_avion
05/05/2025,AMZN Mktp CA*XD4BI0T33,215.28,,245.21,anumol_rbc_avion
05/04/2025,GREAT CLIPS #023,29.93,,29.93,anumol_rbc_avion
